Id,name,Starting_power,Total_Kills,T5_Kills,T4_Kills,Deaths,Pass4_Power,Total_Kills_Pass4,T5_Kills_Pass4,T4_Kills_Pass4,Deaths_Pass4,Pass4_Total_kills ,Pass4_T5_Kills,Pass4_T4_Kills,Pass4_Deaths
14466663,Nodoevents,160184737,5.14E+09,1.95E+08,1.25E+08,44533731,151491639,5274794261,200226604,126658229,45592312,"134,794,261.00",5.23E+06,"1,658,229.00","1,058,581.00"
9755112,Mr Patito,121650997,4.74E+09,1.56E+08,1.60E+08,18841192,100501135,5017582106,167259126,165348944,21348580,"277,582,106.00",1.13E+07,"5,348,944.00","2,507,388.00"
20690937,Lv94hate24,88536123,2.03E+09,69626000,61820311,21180093,87699884,2202779735,76982912,64413930,21627081,"172,779,735.00",7.36E+06,"2,593,619.00","446,988.00"
14331709,Bret19,87737918,5.20E+09,1.60E+08,1.99E+08,27670559,87103898,5416076589,168633582,203051531,28205791,"216,076,589.00",8.63E+06,"4,051,531.00","535,232.00"
28296848,DragonSlayer‘,84752318,801469168,13417215,51233791,16517365,86790720,854251676,14889701,53548990,16845833,"52,782,508.00",1.47E+06,"2,315,199.00","328,468.00"
9430116,ABG71,92274918,8.74E+09,3.15E+08,2.43E+08,36910985,86617338,9329556376,339347940,253200009,37997329,"589,556,376.00",2.43E+07,"10,200,009.00","1,086,344.00"
7645762,Mr Gambit,85316347,1.56E+09,49798633,55642773,10007019,86382831,1625541173,52680508,56455661,10267982,"65,541,173.00",2.88E+06,"812,888.00","260,963.00"
67220414,CloudStrife,88788214,1.38E+09,44061455,48075735,16774547,86038868,1405292340,44894157,48591843,17398651,"25,292,340.00",8.33E+05,"516,108.00","624,104.00"
28261673,Abo Alfoz,80506980,1.94E+09,68019178,56691625,12948589,84832797,2140158889,76137104,60665331,13356596,"200,158,889.00",8.12E+06,"3,973,706.00","408,007.00"
28150613,Memoza,88211416,1.46E+09,49451609,46437190,13656185,84016966,1508167871,51413633,47515399,14396292,"48,167,871.00",1.96E+06,"1,078,209.00","740,107.00"
9387032,BAnanaa,87314692,3.09E+09,1.13E+08,81963404,16262410,83199274,3267115158,120297028,85602620,17325109,"177,115,158.00",7.30E+06,"3,639,216.00","1,062,699.00"
14308259,LazyAK,85231690,3.92E+09,1.42E+08,1.05E+08,22426195,82710670,4200581548,154065360,110672968,23184177,"280,581,548.00",1.21E+07,"5,672,968.00","757,982.00"
12636696,RtiggerSz,78786200,1.46E+09,45717925,54186433,15614542,80540823,1471880383,46143711,54314999,15707546,"11,880,383.00",4.26E+05,"128,566.00","93,004.00"
22905119,HAYZEUS,80040856,3.22E+09,90035174,1.34E+08,16054771,80459946,3238697816,90962509,134155193,16174222,"18,697,816.00",9.27E+05,"155,193.00","119,451.00"
2658308,Valkynaz,79614766,2.13E+09,62821886,84917930,21087836,80299646,2139735578,62903262,84984735,21127948,"9,735,578.00",8.14E+04,"66,805.00","40,112.00"
20957449,WarSimi,81058838,2.44E+09,79772266,82191687,18936720,80977294,2499883742,82435785,82812817,19301840,"59,883,742.00",2.66E+06,"621,130.00","365,120.00"
50946531,stompy,80999321,3.27E+09,1.10E+08,1.04E+08,16459620,79898845,3509158632,119100829,109616831,16900229,"239,158,632.00",9.10E+06,"5,616,831.00","440,609.00"
9066552,Castario,79368865,3.61E+09,1.20E+07,1.20E+08,23198090,79526915,3613743186,119837520,120655021,23314625,"3,743,186.00",1.08E+08,"655,021.00","116,535.00"
6327022,StJamrockSt,81058664,1.75E+09,64325737,45489715,13757502,78135624,1965056771,73326052,49339516,14523846,"215,056,771.00",9.00E+06,"3,849,801.00","766,344.00"
14175833,Staxonstacks,74470441,885833388,27090431,33938141,20912974,78027115,894223391,27365994,34222810,21095613,"8,390,003.00",2.76E+05,"284,669.00","182,639.00"
9383865,xDiazovix,86960078,3.23E+09,93198130,1.35E+08,19976564,77950359,3480394251,102408687,141650788,21063345,"250,394,251.00",9.21E+06,"6,650,788.00","1,086,781.00"
19437786,,78112691,2.27E+09,82151835,61979087,14467323,76776615,2392540765,87447384,63738829,14943673,"122,540,765.00",5.30E+06,"1,759,742.00","476,350.00"
3567450,drakirlwar,87172259,1.61E+09,40657951,78890083,13842326,77468544,1674109147,43076033,80215701,15000535,"64,109,147.00",2.42E+06,"1,325,618.00","1,158,209.00"
28110550,WILKINS,80946300,1.50E+09,50239031,48491161,14635515,77337714,1600147627,54602136,50076328,15649646,"100,147,627.00",4.36E+06,"1,585,167.00","1,014,131.00"
35238338,KnightsGamer,75859790,219617645,7374665,7177405,4287965,77189436,233150835,7930043,7419798,4456640,"13,533,190.00",5.55E+05,"242,393.00","168,675.00"
20413930,Turbo,78860963,1.30E+09,37479671,53550757,13716119,76949913,1423473686,42419226,56034608,14355209,"123,473,686.00",4.94E+06,"2,483,851.00","639,090.00"
14169834,nubKris S}0]£!,78420446,3.65E+09,1.22E+08,1.19E+08,20946481,76822625,3725910164,124965212,120363779,21437973,"75,910,164.00",2.97E+06,"1,363,779.00","491,492.00"
434262,Anthony76,76444911,1.09E+09,35621017,36946214,10931382,76592623,1162622113,39072368,37806581,11307555,"72,622,113.00",3.45E+06,"860,367.00","376,173.00"
42272356,Monkey Whale,95427572,2.00E+09,45358050,1.06E+08,9519748,76266609,2390609704,57543578,121269993,12339540,"390,609,704.00",1.22E+07,"15,269,993.00","2,819,792.00"
10978057,SER3van32t,74751563,1.52E+09,60037909,31783712,14238090,76087561,1581033904,62654814,32498099,14374507,"61,033,904.00",2.62E+06,"714,387.00","136,417.00"
56508340,$2 BRIANA 32,83834827,2.94E+09,87412791,1.13E+08,18740700,76033989,3507545522,106734641,130935494,19766960,"567,545,522.00",1.93E+07,"17,935,494.00","1,026,260.00"
20714976,SuicideZal3ra,80701003,866224207,30260489,25993983,10668539,75598053,930792336,32530203,27904742,11517954,"64,568,129.00",2.27E+06,"1,910,759.00","849,415.00"
705324,EP Envy,78553200,1.82E+09,67412149,46820675,16452353,75587596,1874357736,69497390,47825628,17086865,"54,357,736.00",2.09E+06,"1,004,953.00","634,512.00"
28274829,2# GOLLY aun,74469897,1.34E+09,22672539,86468125,8694298,75486861,1436067852,25128544,91272854,9059864,"96,067,852.00",2.46E+06,"4,804,729.00","365,566.00"
56459657,Arsenal999,78170166,2.02E+09,71332462,58686112,12485988,75482116,2149602410,75114081,64085791,13470848,"129,602,410.00",3.78E+06,"5,399,679.00","984,860.00"
3463423,Emigreentis,75145543,3.35E+09,1.18E+08,99363286,15331378,75320317,3425382803,120554861,101043071,15398697,"75,382,803.00",2.55E+06,"1,679,785.00","67,319.00"
9107928,IFudgel,75998816,2.36E+09,72983038,88335035,13731851,75058732,2645096078,84311165,94572410,14522099,"285,096,078.00",1.13E+07,"6,237,375.00","790,248.00"
22945051,Lexa Heda,73200303,851026848,22930916,37891270,9925363,74807881,853624468,22930916,38151032,9925363,"2,597,620.00",0.00E+00,"259,762.00", -   
9156365,RH Rici,81299848,6.11E+09,1.75E+08,2.57E+08,21445926,74576482,6310498809,183206002,260340889,22674727,"200,498,809.00",8.21E+06,"3,340,889.00","1,228,801.00"
7727288,TreizNrV,80000158,1.74E+09,56223540,60998657,13275849,74520712,1818311000,59059363,62736943,14605081,"78,311,000.00",2.84E+06,"1,738,286.00","1,329,232.00"
3298896,VeGeTo,83419086,3.48E+09,1.08E+08,1.29E+08,24334641,74171397,3643967063,113836495,133833520,25518398,"163,967,063.00",5.84E+06,"4,833,520.00","1,183,757.00"
28303594,THE RICO,73021881,431221464,10354558,21417021,9231895,73130199,449841710,11126701,21734749,9380061,"18,620,246.00",7.72E+05,"317,728.00","148,166.00"
7228066,ck0403my,77791210,1.56E+09,41013416,72897395,21917052,72956448,1610798261,42942690,74517444,22791920,"50,798,261.00",1.93E+06,"1,620,049.00","874,868.00"
14215825,Psaki AleX,80616115,2.16E+09,73439735,68718328,21357936,72817966,2384979244,82467542,73036949,22550925,"224,979,244.00",9.03E+06,"4,318,621.00","1,192,989.00"
15987592,4 Hexagon L,71142390,792719173,29801050,19439909,13078403,72732562,816824923,30809319,19833946,13512400,"24,105,750.00",1.01E+06,"394,037.00","433,997.00"
17565504,Cozzz,73414765,1.51E+09,48802212,52559459,15118164,72681885,1625298394,53501043,54269448,15771766,"115,298,394.00",4.70E+06,"1,709,989.00","653,602.00"
22375708,Nathalie95,75924685,1.13E+09,36115747,39645905,15307762,72643941,1163311461,37340661,40244883,15946574,"33,311,461.00",1.22E+06,"598,978.00","638,812.00"
16385321,MA} MAK,71026715,316665786,11418782,8812639,13773946,72425073,327161788,11834641,9030490,14124036,"10,496,002.00",4.16E+05,"217,851.00","350,090.00"
9428066,Lionel Messi,74927651,2.43E+09,65308333,1.11E+08,20817204,72355869,2506225886,68852000,111660426,20974647,"76,225,886.00",3.54E+06,"660,426.00","157,443.00"
3317232,leboomer,75936121,2.00E+09,58121216,81747470,24412498,72009277,2020505300,59020126,82270595,24793159,"20,505,300.00",8.99E+05,"523,125.00","380,661.00"
9855970,Rabid Dog,74121565,1.40E+09,49195882,41200916,13746276,71319949,1444824312,51053102,42220942,14468524,"44,824,312.00",1.86E+06,"1,020,026.00","722,248.00"
20895987,StLecheSt,71743802,3.70E+09,1.26E+08,1.17E+08,20144137,71105946,3785139372,129511234,118215428,20947614,"85,139,372.00",3.51E+06,"1,215,428.00","803,477.00"
14109586,Heresy III,73418944,308906375,11326363,8100935,13961581,70508604,332042295,12249551,8568147,14505405,"23,135,920.00",9.23E+05,"467,212.00","543,824.00"
13863867,Nezhaforever,76076349,1.58E+09,53431916,49801333,14219672,70361206,1673590336,57258568,51181797,15801775,"93,590,336.00",3.83E+06,"1,380,464.00","1,582,103.00"
2451401,Speccy4eyes,71372646,1.28E+09,36261402,54847397,17569717,70224666,1299329520,36887264,55129814,17831178,"19,329,520.00",6.26E+05,"282,417.00","261,461.00"
28270506,CarrierJohn,73315040,533644322,18602709,15964367,6695807,70749894,576439249,20314319,16817610,7221668,"42,794,927.00",1.71E+06,"853,243.00","525,861.00"
9471719,Lastwar,73913714,1.73E+09,62274872,47089704,19364541,70019448,1832480222,66649109,48891652,20703341,"102,480,222.00",4.37E+06,"1,801,948.00","1,338,800.00"
9828945,ivysaurus,72225320,2.91E+09,1.03E+08,85549582,18611162,69901402,3030700538,107762381,87130833,19449156,"120,700,538.00",4.76E+06,"1,581,251.00","837,994.00"
9067996,Nub Sui,80140642,3.84E+09,1.36E+08,1.12E+08,22274698,69740570,3976637727,141251919,114709297,23965134,"136,637,727.00",5.25E+06,"2,709,297.00","1,690,436.00"
11980323,TomHDL,73525613,1.23E+09,47967928,26139343,9943674,69652126,1365289602,53860880,28304236,11140705,"135,289,602.00",5.89E+06,"2,164,893.00","1,197,031.00"
28325228,Budluck'R,69246947,1.21E+09,43388306,33990849,10369396,69555093,1209590798,43388306,33990849,10369396,"-409,202.00",0.00E+00, -   , -   
34798475,CarrierJ,69266390,94144787,2785555,3757604,2524599,69444184,107722077,3271091,4142706,2775472,"13,577,290.00",4.86E+05,"385,102.00","250,873.00"
17533687,MadAttendant,68810633,836017882,24567388,33021979,10852519,69385265,851724762,25188781,33349881,10906145,"15,706,880.00",6.21E+05,"327,902.00","53,626.00"
17405603,HunterKill3r,71646226,1.69E+09,46953132,73706362,18175988,68647454,1709900705,47780644,74338330,18363692,"19,900,705.00",8.28E+05,"631,968.00","187,704.00"
37271872,OHSleipnir,70066683,335690130,11367777,10343517,7083978,69132825,382227613,13246062,11233204,7465326,"46,537,483.00",1.88E+06,"889,687.00","381,348.00"
3964251,Highlander79,71029193,840132961,28986817,25855546,10176855,68488547,917134730,32283251,26961390,10975990,"77,001,769.00",3.30E+06,"1,105,844.00","799,135.00"
37024046,Its Qwert,75707626,2.93E+09,93844848,97473223,19977715,68433142,3144533479,102705919,101309386,21661409,"214,533,479.00",8.86E+06,"3,836,163.00","1,683,694.00"
46572157,RonnyEbw,69923035,291060090,9373426,10138924,8936152,68407461,309310073,10045145,10619360,9278572,"18,249,983.00",6.72E+05,"480,436.00","342,420.00"
72081749,OHPaSaMa,72250841,93913225,3119661,2660638,1460089,67855419,131372659,4425372,3763426,2403327,"37,459,434.00",1.31E+06,"1,102,788.00","943,238.00"
3480912,xzec,69371736,2.07E+09,67395773,71662419,19398596,67700788,2347595847,78771916,76257815,20248765,"277,595,847.00",1.14E+07,"4,595,396.00","850,169.00"
9076498,SQMistress3t,74200514,1.22E+09,43622246,33810823,15946071,67514266,1273999127,45880004,35152800,16914687,"53,999,127.00",2.26E+06,"1,341,977.00","968,616.00"
9391109,ZH Egle,64592227,356183208,8758687,15985950,5394808,67433767,356516493,8769864,15996892,5394808,"333,285.00",1.12E+04,"10,942.00", -   
29097632,DuracelL,66433787,108454833,3837167,2634721,6358232,67389533,108655893,3839386,2650389,6358232,"201,060.00",2.22E+03,"15,668.00", -   
9406091,Luis Suarez,67085360,329633141,9366733,13620564,9446118,67128575,329633141,9366733,13620564,9446118, -   ,0.00E+00, -   , -   
11113359,SZZOROSZ,65829541,3.92E+09,1.19E+08,1.51E+08,17263446,67073622,4016353156,122411250,154062139,17743086,"96,353,156.00",3.41E+06,"3,062,139.00","479,640.00"
94442537,xajMosaX,66026032,245726743,7446261,9178673,3546426,66988358,245726743,7446261,9178673,3546426, -   ,0.00E+00, -   , -   
28228449,Persinga ngaw,71376239,878817707,32027615,23740594,12257444,66703981,980669592,35981361,26002650,13293074,"101,851,885.00",3.95E+06,"2,262,056.00","1,035,630.00"
28208448,EnergiZer,66319158,383974576,4701139,24872178,8649626,66522438,390180050,4908425,25077092,8764970,"6,205,474.00",2.07E+05,"204,914.00","115,344.00"
15168507,Highlander79 |,64704897,98100278,3545200,2619466,2803720,66485713,108963652,4001363,2789852,3091636,"10,863,374.00",4.56E+05,"170,386.00","287,916.00"
29734240,2H Chnew89,68288779,219556028,7784868,6221520,8552719,66434419,229900289,8169887,6485589,8865733,"10,344,261.00",3.85E+05,"264,069.00","313,014.00"
34692668,Rik Noname,69734888,852517306,30033761,24877810,14533163,65608972,921399979,32813543,26199225,15684390,"68,882,673.00",2.78E+06,"1,321,415.00","1,151,227.00"
33502549,ShetlonAbove',65282680,147404458,5189126,4323848,8223449,65895460,149373716,5267769,4363403,8268600,"1,969,258.00",7.86E+04,"39,555.00","45,151.00"
2411461,Made in LLT,66618667,670146210,18279859,29647850,9147523,65416275,693462407,19237190,30064516,9706297,"23,316,197.00",9.57E+05,"416,666.00","558,774.00"
20700297,SWhiskey3t,75696071,4.11E+09,1.32E+08,1.44E+08,35756429,65328973,4283489546,138770805,147701729,37771399,"173,489,546.00",6.77E+06,"3,701,729.00","2,014,970.00"
34122980,Jagya bhil,66230307,1.32E+09,42037729,45333777,15444752,65186599,1382908508,44803202,46555691,15781945,"62,908,508.00",2.77E+06,"1,221,914.00","337,193.00"
19241701,POOCH Maniw,62487821,153261664,4362032,6273998,1957036,64972285,157426654,4536155,6342251,1957036,"4,164,990.00",1.74E+05,"68,253.00", -   
84152882,Woody D Duck,65344250,1.22E+09,35250805,49442329,9553103,64685326,1386060407,41813033,53324294,9855084,"166,060,407.00",6.56E+06,"3,881,965.00","301,981.00"
64909981,X Black Flag X,66607103,308516761,10514342,9465342,6732881,64038894,356406768,12494162,10294187,7568397,"47,890,007.00",1.98E+06,"828,845.00","835,516.00"
3463556,Thunderstick,64696532,476170902,14712531,17261809,13358749,63986836,493218927,15427691,17536153,13551758,"17,048,025.00",7.15E+05,"274,344.00","193,009.00"
39414083,999Snoop,65222941,300784571,10655277,8545411,4365832,63953791,315455468,11271792,8778844,4715307,"14,670,897.00",6.17E+05,"233,433.00","349,475.00"
30889521,RhECrypto,62993499,271789707,7629518,11847162,7050752,63922567,271789707,7629518,11847162,7050752, -   ,0.00E+00, -   , -   
18208784,JU Stax,67674148,2.50E+09,67905753,1.12E+08,17527850,63680504,2554860838,69270959,114580424,18245870,"54,860,838.00",1.37E+06,"2,580,424.00","718,020.00"
83358707,imad 2,63855324,53754051,1499749,2336974,2742385,63583160,57645704,1648448,2428724,3007212,"3,891,653.00",1.49E+05,"91,750.00","264,827.00"
76525179,AAGH,65461930,329650016,11237921,10086941,7035847,63420871,346230442,11823056,10569787,7567683,"16,580,426.00",5.85E+05,"482,846.00","531,836.00"
56842186,S Tyrande 8,63236994,1.06E+09,38050041,27827310,8517352,63135141,1166506942,42897065,28968238,8849983,"106,506,942.00",4.85E+06,"1,140,928.00","332,631.00"
13719316,TECHSIN,61959853,1.60E+09,47211512,64841780,14503045,63122189,1598003190,47211512,64841780,14503045,"-1,996,810.00",0.00E+00, -   , -   
14915327,Secret Squirre,61672823,315137382,10349416,10476824,6218962,62972868,322216961,10583136,10716122,6252886,"7,079,579.00",2.34E+05,"239,298.00","33,924.00"
23663084,hee-farm,61043678,73533760,1853157,3529638,3557174,62967084,76946750,1997567,3582117,3557174,"3,412,990.00",1.44E+05,"52,479.00", -   
27234433,DanielSebb,68402583,509002025,14198680,22155244,7434748,62716165,569417277,16578589,23434571,8463583,"60,415,252.00",2.38E+06,"1,279,327.00","1,028,835.00"
14202127,Edvus,57907983,372017791,9839659,17318768,8665622,62616536,372017791,9839659,17318768,8665622, -   ,0.00E+00, -   , -   
31578656,DAVID,65595119,250321971,7649996,7778165,12994175,62561303,280081510,8820633,8399131,13538328,"29,759,539.00",1.17E+06,"620,966.00","544,153.00"
38693871,FaFouTis,67516112,373361551,10923693,15306557,11558495,62553792,406685443,12241598,16002957,12686372,"33,323,892.00",1.32E+06,"696,400.00","1,127,877.00"
28214592,SAADIraqi lion,71202913,194324852,5050117,9155182,15539739,62383293,198596522,5253814,9174955,16087982,"4,271,670.00",2.04E+05,"19,773.00","548,243.00"
19744769,St Lady D 82,66359105,530123115,17888617,17037361,13237095,62314179,554158570,18831227,17549665,13855387,"24,035,455.00",9.43E+05,"512,304.00","618,292.00"
77174079,OHVickydiel,61852870,114135220,3387842,3559117,7678952,62281925,135692264,4282071,3925453,8066431,"21,557,044.00",8.94E+05,"366,336.00","387,479.00"
17396209,Rilleks,70767017,938790027,29768287,33664909,8255597,62126997,1000189236,32354902,34631396,9270483,"61,399,209.00",2.59E+06,"966,487.00","1,014,886.00"
17642161,StAlfaKoral3z,62116846,245417594,8219303,8075261,6761793,62117176,245417594,8219303,8075261,6761793, -   ,0.00E+00, -   , -   
28270146,Leann6661,66647815,401033031,10990417,17382250,9631433,61940545,438207620,12230768,18597585,10544054,"37,174,589.00",1.24E+06,"1,215,335.00","912,621.00"
50899585,CALLMESTAX “,62115856,416131793,13457772,13920713,9014437,61936020,500167603,16768100,15677411,9894355,"84,035,810.00",3.31E+06,"1,756,698.00","879,918.00"
14125876,Bad Iskan,59144976,677965530,24175351,19393690,19669685,61867176,677965530,24175351,19393690,19669685, -   ,0.00E+00, -   , -   
28379153,Dana iw,54490106,442352357,13980909,14382110,11366976,61381300,442691597,13997871,14382110,11366976,"339,240.00",1.70E+04, -   , -   
9450025,ZoO fi€ Anarchy,64320840,598650341,22781561,14213843,9067620,61375104,629438576,24020487,14814805,9572170,"30,788,235.00",1.24E+06,"600,962.00","504,550.00"
3461098,ti Johnbernie,58801393,33760344,747010,1847180,1714453,60656242,34672184,785344,1861696,1733479,"911,840.00",3.83E+04,"14,516.00","19,026.00"
7385964,SZ RomioS,63304993,310005276,9527821,11920895,8452916,60578387,334626084,10664452,12109638,9259540,"24,620,808.00",1.14E+06,"188,743.00","806,624.00"
17824938,Devil U made,59300539,73401661,2017483,2947526,4995198,59800459,73401661,2017483,2947526,4995198, -   ,0.00E+00, -   , -   
61716103,Donar1887,60083440,99081206,2777228,4073945,7051975,59664146,104229995,3020251,4102750,7269783,"5,148,789.00",2.43E+05,"28,805.00","217,808.00"
11323855,Nine ©,60053054,990749226,35424617,27426153,14725455,59563888,1005908290,35956184,27857898,15286398,"15,159,064.00",5.32E+05,"431,745.00","560,943.00"
28287230,MoDy77,59376991,119289692,4251645,3402213,1862538,59367417,119289692,4251645,3402213,1862538, -   ,0.00E+00, -   , -   
60277847,Bad Lagou37,59047223,613909862,18936577,22987434,8229499,59240814,613909862,18936577,22987434,8229499, -   ,0.00E+00, -   , -   
35790056,AsIZE,57899703,60662448,2270943,1380791,6481414,58895804,60662448,2270943,1380791,6481414, -   ,0.00E+00, -   , -   
9167319,Phak Yu Putin,58794576,112409084,3810135,3581403,7514982,58785885,112409084,3810135,3581403,7514982, -   ,0.00E+00, -   , -   
14275450,Poppops 4674,58632724,1349841,37952,58485,415005,58632774,1349841,37952,58485,415005, -   ,0.00E+00, -   , -   
8064984,minidrake,55637845,362756187,7528105,20472108,10949677,58252182,362757146,7528105,20472108,10949677,959,0.00E+00, -   , -   
60965001,IJ uulHEMIlJ,55353922,436294968,10707617,19222145,6415262,58211859,436294968,10707617,19222145,6415262, -   ,0.00E+00, -   , -   
28419870,Heisenberg 89,57698607,40649366,985743,1661612,8581580,58124307,40649366,985743,1661612,8581580, -   ,0.00E+00, -   , -   
13880048,Pugsley97,57520517,12143231,214012,786298,4708826,58076977,12143231,214012,786298,4708826, -   ,0.00E+00, -   , -   
28300028,ABU NASSER,55613627,173626919,2801406,10336804,2385631,57706191,201972716,3610811,11552080,2648575,"28,345,797.00",8.09E+05,"1,215,276.00","262,944.00"
2353964,derpstone,56443826,74129904,2066161,3096306,10467068,57209926,87726135,2066161,4091547,10564361,"13,596,231.00",0.00E+00,"995,241.00","97,293.00"
28282912,Lans66,55842729,20680912,582132,766056,11857231,57169603,20680912,582132,766056,11857231, -   ,0.00E+00, -   , -   
4016167,Ldcarpathes,56993505,199251408,5570685,7971107,4509390,57005165,199251408,5570685,7971107,4509390, -   ,0.00E+00, -   , -   
39381278,999Wolf,56034444,12218547,254084,578365,660773,56798444,12218547,254084,578365,660773, -   ,0.00E+00, -   , -   
9392884,educet,55482960,90857218,2686785,3560052,13386523,56546952,90857218,2686785,3560052,13386523, -   ,0.00E+00, -   , -   
28343184,Najmil1,55652370,43307,0,1838,4945,56473681,43307,0,1838,4945, -   ,0.00E+00, -   , -   
36747489,Ephantis,58947862,474205127,18882748,9515495,5113729,56079474,580813514,23422816,11095453,5521344,"106,608,387.00",4.54E+06,"1,579,958.00","407,615.00"
42514893,WrEcK HaVoK,55487196,115712534,3535685,4354698,2465550,55986684,115712534,3535685,4354698,2465550, -   ,0.00E+00, -   , -   
12451821,Onsenffou,53920806,540046313,19363180,14934178,17618072,55886572,540089008,19363180,14935281,17618072,"42,695.00",0.00E+00,"1,103.00", -   
99396699,OHMadMax64,53959951,6958976,40395,511519,6980,55879663,8274996,87326,549259,47641,"1,316,020.00",4.69E+04,"37,740.00","40,661.00"
52086629,Rolpsy,57313955,321247288,10627177,10318608,7887764,55811536,348229748,11758578,10754052,8041879,"26,982,460.00",1.13E+06,"435,444.00","154,115.00"
56780541,“EinherjarS,62747213,156912932,5892361,3881640,7877444,55731297,180081524,6877371,4228450,9885789,"23,168,592.00",9.85E+05,"346,810.00","2,008,345.00"
89220552,ir ‘yMaster Po,59678594,761421836,19189830,36803370,7302490,55729597,804133512,21002665,37433198,7760882,"42,711,676.00",1.81E+06,"629,828.00","458,392.00"
82810160,Filoucheqc,53438756,113229150,3526848,3791983,3362039,55313548,117922910,3720548,3873959,3402280,"4,693,760.00",1.94E+05,"81,976.00","40,241.00"
1742231,TarantinoBZH,80522976,2.60E+09,93912173,71381700,21843177,55151741,2637965427,95475179,72042831,23484875,"37,965,427.00",1.56E+06,"661,131.00","1,641,698.00"
21017676,badGazzaG,54259041,832173533,27499679,27411424,15461869,55063471,832173533,27499679,27411424,15461869, -   ,0.00E+00, -   , -   
15168136,SZ LUFFY SZ,53597176,70727084,2085943,2858953,9490459,55043176,70727084,2085943,2858953,9490459, -   ,0.00E+00, -   , -   
2616715,ARNO le NORD,54412247,1.49E+09,47454020,53705053,19575504,55036349,1489477536,47454020,53705053,19575504,"-522,464.00",0.00E+00, -   , -   
53452615,El Paquito,55265677,220695523,7010036,7948524,9068067,54919313,248812421,7978368,8780652,9581312,"28,116,898.00",9.68E+05,"832,128.00","513,245.00"
2486726,@G Senpai,53984756,149014013,3432874,7750749,8056233,53975337,149014013,3432874,7750749,8056233, -   ,0.00E+00, -   , -   
7722826,LordNameless,53835339,269656907,8548698,9789724,5900435,53891239,269656907,8548698,9789724,5900435, -   ,0.00E+00, -   , -   
28481843,budluckTR2,53582719,129202373,3803344,4902544,6513124,53816737,129202373,3803344,4902544,6513124, -   ,0.00E+00, -   , -   
52610162,PrincipalAnd,53541016,29153995,1218673,448627,3991946,53536630,29153995,1218673,448627,3991946, -   ,0.00E+00, -   , -   
20981772,BadAtiLa 1,53462193,545996186,18438062,17422675,15432995,53462193,545996186,18438062,17422675,15432995, -   ,0.00E+00, -   , -   
26583819,Budluck0Oo'R,53184501,89795027,2917558,2940015,5919022,53394867,89795027,2917558,2940015,5919022, -   ,0.00E+00, -   , -   
28259686,Master Binbin,53385017,19286427,293854,1292957,313583,53385017,19286427,293854,1292957,313583, -   ,0.00E+00, -   , -   
28209988,Jaeger 69,51873344,159780216,1316626,12475929,7407961,52814644,159780216,1316626,12475929,7407961, -   ,0.00E+00, -   , -   
29881568,Milanok,53769527,83407571,3094021,2070853,11787085,52289237,86209461,3172015,2195054,11871792,"2,801,890.00",7.80E+04,"124,201.00","84,707.00"
31369906,Wan Shein,53392660,30202001,1389288,179391,1506238,52163960,30659344,1404998,187263,2369490,"457,343.00",1.57E+04,"7,872.00","863,252.00"
29944980,ROLLING STO?,50430392,34303675,1632679,85485,2878454,52133756,34303675,1632679,85485,2878454, -   ,0.00E+00, -   , -   
29093542,ConfusedWolfi,51671692,371658748,4355215,25586825,5887944,51984750,371658748,4355215,25586825,5887944, -   ,0.00E+00, -   , -   
37026347,Nurse Q,53517640,365416723,12545959,11012617,9855728,51918304,383185654,13212238,11456952,10569110,"17,768,931.00",6.66E+05,"444,335.00","713,382.00"
30552095,FiihrerBiscott,51316732,1.40E+09,30216034,78243653,10738675,51781772,1403940463,30216034,78243653,10738675,"3,940,463.00",0.00E+00, -   , -   
3738869,BiggusDickus8,49362993,6357358,130031,333214,142452,51446623,6357358,130031,333214,142452, -   ,0.00E+00, -   , -   
41959939,Fisch24,50230919,277331,469,24527,203816,51058311,277331,469,24527,203816, -   ,0.00E+00, -   , -   
7870915,ii Bretw,49965466,80733453,2384437,3118116,3134517,50562866,80733453,2384437,3118116,3134517, -   ,0.00E+00, -   , -   
6167238,Diz5,51336613,45479031,1303928,1808852,4297195,50482525,54906986,1690224,1979024,4783065,"9,427,955.00",3.86E+05,"170,172.00","485,870.00"
9505548,Ovidan,50575864,52160593,1799284,1612289,3827506,50279988,59603478,2074830,1805477,4151839,"7,442,885.00",2.76E+05,"193,188.00","324,333.00"
6167868,Rabid dog,49688434,32626736,1160709,932327,2371225,50187086,32627930,1160709,932327,2371225,"1,194.00",0.00E+00, -   , -   
15995569,ii Bert19,48829418,77745064,2146154,3107190,2657630,49605418,77745064,2146154,3107190,2657630, -   ,0.00E+00, -   , -   
30296384,DragonFire73,48082779,159421207,4276763,7009756,10171397,49221963,162390867,4389903,7080442,10171397,"2,969,660.00",1.13E+05,"70,686.00", -   
10135175,Rabid 2,49359485,26885768,950630,787132,2193586,48686329,36452168,1331523,981986,2479819,"9,566,400.00",3.81E+05,"194,854.00","286,233.00"
51823914,crsEST9876,48799872,237077740,5876913,11579553,6894035,48611463,271714017,7279546,12230346,7259485,"34,636,277.00",1.40E+06,"650,793.00","365,450.00"
82410647,PsakiPsaki,47612672,37092663,1285764,1128796,1889841,48418747,37092663,1285764,1128796,1889841, -   ,0.00E+00, -   , -   
13783623,Markynaz,48208951,119296204,3997223,3671155,6364745,48201918,119296204,3997223,3671155,6364745, -   ,0.00E+00, -   , -   
85093514,Psaki Xxxx,46933155,24864502,958245,567909,1454397,48151194,24882912,958245,569750,1454397,"18,410.00",0.00E+00,"1,841.00", -   
85093514,Psaki Xxxx,46933155,24864502,958245,567909,1454397,48151194,24882912,958245,569750,1454397,"18,410.00",0.00E+00,"1,841.00", -   
28275966,0 MajdO,45533222,65044979,1340360,3275080,4611384,47971131,65287481,1348671,3282666,4611384,"242,502.00",8.31E+03,"7,586.00", -   
13576477,Hestia0209,46374496,11453475,200175,708294,7580923,47864099,11453475,200175,708294,7580923, -   ,0.00E+00, -   , -   
13339256,hera0209,46654727,14787407,207258,1061454,7577421,47862126,14787407,207258,1061454,7577421, -   ,0.00E+00, -   , -   
52832323,Black Sail 32,47272157,49844393,1521189,1883159,4660442,47791920,49846373,1521189,1883357,4660442,"1,980.00",0.00E+00,198, -   
30437585,TKLNG,46751898,86342587,2035514,3635652,5955583,47193584,95729682,2388074,3869209,6124265,"9,387,095.00",3.53E+05,"233,557.00","168,682.00"
28336253,Amier195,44592217,14248858,470816,386654,6391847,46182272,14248858,470816,386654,6391847, -   ,0.00E+00, -   , -   
28292459,PAUL27,45536705,2272338,225,79603,1034995,46061702,2272338,225,79603,1034995, -   ,0.00E+00, -   , -   
21066929,tigger jr,45336780,8376669,313003,195967,3208076,45912593,8376669,313003,195967,3208076, -   ,0.00E+00, -   , -   
31262259,Jr Persinga,47337247,106980876,3551526,3546055,4974671,45912437,118893186,3941882,3946576,5592990,"11,912,310.00",3.90E+05,"400,521.00","618,319.00"
29360204,ck0403my02,43970116,120353501,4303867,3408475,10476014,45256656,123014318,4397252,3487732,10561352,"2,660,817.00",9.34E+04,"79,257.00","85,338.00"
54311330,YwajdsYy,43421802,28274005,956266,879285,7653971,44974364,28274005,956266,879285,7653971, -   ,0.00E+00, -   , -   
27966586,Patrosklaus,42585554,7157738,122396,452304,213092,44440004,7157738,122396,452304,213092, -   ,0.00E+00, -   , -   
76786622,Arsenal7777,43672466,12538829,148172,352245,44921,44282464,12538829,148172,352245,44921, -   ,0.00E+00, -   , -   
37237092,Irrumatio,43730516,873574,685,36194,220531,43764389,873574,685,36194,220531, -   ,0.00E+00, -   , -   
64363945,Dragonfly73,42902758,41720001,844763,2238943,5741041,43719242,41736001,844763,2240453,5741041,"16,000.00",0.00E+00,"1,510.00", -   
98672609,Psaki alex 5,42640411,3370120,163636,9740,1466875,43712088,3370130,163636,9741,1466875,10,0.00E+00,1, -   
29881564,SAADSAAD2,46392188,73384296,2522126,2248389,11065512,43670002,75981166,2603809,2344710,11482294,"2,596,870.00",8.17E+04,"96,321.00","416,782.00"
2524989,Huracan88&,53556543,86052678,2904648,2618074,15251380,43616616,97910086,3473531,2664726,18360312,"11,857,408.00",5.69E+05,"46,652.00","3,108,932.00"
28215982,gua lJwuE,42855775,11000493,241864,408922,4526678,43177805,11000493,241864,408922,4526678, -   ,0.00E+00, -   , -   
86542958,X Barbe Noire},42814046,35096653,795401,1478266,964596,43155253,35096853,795401,1478266,964596,200,0.00E+00, -   , -   
33629885,budluckTR1,42999584,22167482,556974,1040653,3443907,43103357,22167482,556974,1040653,3443907, -   ,0.00E+00, -   , -   
27085784,LAW x,40748910,15319649,420678,681024,1097173,43050150,15319649,420678,681024,1097173, -   ,0.00E+00, -   , -   
28254437,Boorinyeung,42511737,405476,458,530,645214,42891075,405476,458,530,645214, -   ,0.00E+00, -   , -   
34987546,Wicked55,47104674,49866221,1647400,1584083,8070688,42213489,53219056,1753851,1689876,8870897,"3,352,835.00",1.06E+05,"105,793.00","800,209.00"
23549084,Yoba Bat,41822387,20828376,176167,1684538,1848262,42180862,20828376,176167,1684538,1848262, -   ,0.00E+00, -   , -   
19078891,ZeePharm,41649970,54045370,1830040,1744374,525686,42034642,54045370,1830040,1744374,525686, -   ,0.00E+00, -   , -   
36552064,Sweet Trauma,41462502,175221986,4444953,8334660,4225843,41524646,175236611,4444953,8334660,4225843,"14,625.00",0.00E+00, -   , -   
29250801,Taanni,41989414,31600743,1305278,520421,400548,41464378,32355943,1343038,520421,400548,"755,200.00",3.78E+04, -   , -   
20686834,Skiwhirl,40488695,15084213,476901,483987,483987,40494900,15084213,476901,483987,40494900, -   ,0.00E+00, -   , -   
28338445,DHOOM6666,39636534,9938606,268434,443368,5111456,40317803,9938606,268434,443368,5111456, -   ,0.00E+00, -   , -   
63506619,persinga farm,39797591,29782784,646467,1605556,2760269,40290054,29782784,646467,1605556,2760269, -   ,0.00E+00, -   , -   
40522634,General 8,39873279,32585876,1047995,905608,8218807,40243324,32585876,1047995,905608,8218807, -   ,0.00E+00, -   , -   
32087827,Farmlandeee,41238954,371796859,5250458,24379603,39,40190181,384696931,5639749,24883613,6277133,"12,900,072.00",3.89E+05,"504,010.00","6,277,094.00"
43985217,SZSANJISZ,38573641,98281028,3278507,3210176,5389471,40106721,98281028,3278507,3210176,5389471, -   ,0.00E+00, -   , -   
94844727,Vickylein die 2,38421267,5967589,20834,433395,58399,39516340,6075589,20834,444195,58399,"108,000.00",0.00E+00,"10,800.00", -   
20488380,IskanFood,39084885,34985666,1169589,1151100,10185673,39473083,34985666,1169589,1151100,10185673, -   ,0.00E+00, -   , -   
44877242,SZUSOPPZ,37404851,119405416,3929495,4005128,7349022,39392251,119410218,3929495,4005128,7349022,"4,802.00",0.00E+00, -   , -   
99483710,Kiistenmadel,51183031,13244705,5620,1228969,266277,38800941,27557264,669740,1329742,4164644,"14,312,559.00",6.64E+05,"100,773.00","3,898,367.00"
8645545,rssdrakou,36802506,63244123,1443101,3428920,9581508,38766892,63244123,1443101,3428920,9581508, -   ,0.00E+00, -   , -   
57826883,burnoose,38390784,16015617,560837,462550,6006577,38488334,16015617,560837,462550,6006577, -   ,0.00E+00, -   , -   
28511475,Venomous Poi,37746193,13338342,189788,788242,458179,37997889,13338342,189788,788242,458179, -   ,0.00E+00, -   , -   
46952552,Sleipnir80,37444585,30059931,555475,1644181,1697741,37966285,30059931,555475,1644181,1697741, -   ,0.00E+00, -   , -   
51167515,tigger III,37016869,48395,0,4035,10969,37567590,48395,0,4035,10969, -   ,0.00E+00, -   , -   
5325135,G40Freak,36061067,122170,766,10685,147589,37414916,122170,766,10685,147589, -   ,0.00E+00, -   , -   
33633625,budluckTR3,36838550,12483090,253900,712593,2398519,36902030,12483090,253900,712593,2398519, -   ,0.00E+00, -   , -   
3365255,GodOfKhaos,36029276,928560,42362,8132,2695823,36849823,928560,42362,8132,2695823, -   ,0.00E+00, -   , -   
3365255,GodOfKhaos,36029276,928560,42362,8132,2695823,36849823,928560,42362,8132,2695823, -   ,0.00E+00, -   , -   
44413633,uk player,36072810,30773059,1146881,709790,4122833,36779306,30773059,1146881,709790,4122833, -   ,0.00E+00, -   , -   
20655464,$2 LadY D 32,36270318,120282743,3385632,5070677,7646671,36565506,123111845,3497555,5129717,7756737,"2,829,102.00",1.12E+05,"59,040.00","110,066.00"
99843221,Battle Action 1,34126819,24391026,77134,1625544,2175951,36426552,28214166,219975,1707572,2427998,"3,823,140.00",1.43E+05,"82,028.00","252,047.00"
94199334,snS5unwny,37315009,27889241,807656,838023,4706972,36425394,32454318,941003,1023748,5001736,"4,565,077.00",1.33E+05,"185,725.00","294,764.00"
27882072,Vikinv,36267437,3299507,140572,44818,2594870,36372264,3299507,140572,44818,2594870, -   ,0.00E+00, -   , -   
49209857,Hooligan No1,35426319,25047410,958080,455382,3586435,36285660,25047410,958080,455382,3586435, -   ,0.00E+00, -   , -   
66734451,CK Farm 01,34560493,17110634,504524,517307,4159863,36132793,17122827,504524,518507,4159863,"12,193.00",0.00E+00,"1,200.00", -   
28488507,RICOsFarm,34416681,45007330,368791,3721966,1511646,35980533,45114670,373401,3723480,1511646,"107,340.00",4.61E+03,"1,514.00", -   
49749829,tigger IV,35772501,162033,2530,10271,25875,35964551,162033,2530,10271,25875, -   ,0.00E+00, -   , -   
64234183,ThePablo,34620263,14075893,107106,934998,4716238,34927541,14075893,107106,934998,4716238, -   ,0.00E+00, -   , -   
22125284,Cirice,34761528,17011399,221479,1116288,3309303,34781660,17011399,221479,1116288,3309303, -   ,0.00E+00, -   , -   
33737639,budluckTR4,34575750,9617579,67881,478866,1430277,34660099,9617579,67881,478866,1430277, -   ,0.00E+00, -   , -   
28243739,Othman92Boo,34302840,1345428,26880,69698,238399,34590293,1345429,26880,69698,238399,1,0.00E+00, -   , -   
28243739,Othman92Boo,34302840,1345428,26880,69698,238399,34590293,1345429,26880,69698,238399,1,0.00E+00, -   , -   
29341476,TomHDL Ill @,34336569,1181534,0,115836,646682,34453319,1222814,0,119964,646682,"41,280.00",0.00E+00,"4,128.00", -   
64930476,URUK HARD,33967849,10437451,406985,209571,5676073,34276662,10437451,406985,209571,5676073, -   ,0.00E+00, -   , -   
64930476,URUK HARD,33967849,10437451,406985,209571,5676073,34276662,10437451,406985,209571,5676073, -   ,0.00E+00, -   , -   
28507348,XXXX5,34041599,221709,0,7487,34786,34041599,221709,0,7487,34786, -   ,0.00E+00, -   , -   
58626254,Tsetseu,33861312,46793250,961421,2475031,2216667,33861312,46793250,961421,2475031,2216667, -   ,0.00E+00, -   , -   
42781849,ephantisse,33004598,12223960,514270,193372,1470644,33820426,12223960,514270,193372,1470644, -   ,0.00E+00, -   , -   
35151927,Grindefarmer,32458252,8477355,195547,421713,3107023,33679992,10381625,270950,461334,3134172,"1,904,270.00",7.54E+04,"39,621.00","27,149.00"
31603605,Cupcaké,33091455,32657872,1034251,1171682,1801966,33090066,32657872,1034251,1171682,1801966, -   ,0.00E+00, -   , -   
74438870,Clyde Il,32400943,48527,121,1764,1555,32743806,48527,121,1764,1555, -   ,0.00E+00, -   , -   
