Id,name,Starting_power,Total_Kills,T5_Kills,T4_Kills,Deaths,Pass4_Power,Total_Kills_Pass4,T5_Kills_Pass4,T4_Kills_Pass4,Deaths_Pass4,Pass4_Total_kills ,Pass4_T5_Kills, Pass4_T4_Kills , Pass4_Deaths 
14466663,Nodoevents,160184737,5.14E+09,1.95E+08,1.25E+08,44533731,151491639,5274794261,200226604,126658229,45592312,134794261,5230000,1658229,1058581
9755112,Mr Patito,121650997,4.74E+09,1.56E+08,1.60E+08,18841192,100501135,5017582106,167259126,165348944,21348580,277582106,11300000,5348944,2507388
20690937,Lv94hate24,88536123,2.03E+09,69626000,61820311,21180093,87699884,2202779735,76982912,64413930,21627081,172779735,7360000,2593619,446988
14331709,Bret19,87737918,5.20E+09,1.60E+08,1.99E+08,27670559,87103898,5416076589,168633582,203051531,28205791,216076589,8630000,4051531,535232
28296848,DragonSlayer‘,84752318,801469168,13417215,51233791,16517365,86790720,854251676,14889701,53548990,16845833,52782508,1470000,2315199,328468
9430116,ABG71,92274918,8.74E+09,3.15E+08,2.43E+08,36910985,86617338,9329556376,339347940,253200009,37997329,589556376,24300000,10200009,1086344
7645762,Mr Gambit,85316347,1.56E+09,49798633,55642773,10007019,86382831,1625541173,52680508,56455661,10267982,65541173,2880000,812888,260963
67220414,CloudStrife,88788214,1.38E+09,44061455,48075735,16774547,86038868,1405292340,44894157,48591843,17398651,25292340,833000,516108,624104
28261673,Abo Alfoz,80506980,1.94E+09,68019178,56691625,12948589,84832797,2140158889,76137104,60665331,13356596,200158889,8120000,3973706,408007
28150613,Memoza,88211416,1.46E+09,49451609,46437190,13656185,84016966,1508167871,51413633,47515399,14396292,48167871,1960000,1078209,740107
9387032,BAnanaa,87314692,3.09E+09,1.13E+08,81963404,16262410,83199274,3267115158,120297028,85602620,17325109,177115158,7300000,3639216,1062699
14308259,LazyAK,85231690,3.92E+09,1.42E+08,1.05E+08,22426195,82710670,4200581548,154065360,110672968,23184177,280581548,12100000,5672968,757982
12636696,RtiggerSz,78786200,1.46E+09,45717925,54186433,15614542,80540823,1471880383,46143711,54314999,15707546,11880383,426000,128566,93004
22905119,HAYZEUS,80040856,3.22E+09,90035174,1.34E+08,16054771,80459946,3238697816,90962509,134155193,16174222,18697816,927000,155193,119451
2658308,Valkynaz,79614766,2.13E+09,62821886,84917930,21087836,80299646,2139735578,62903262,84984735,21127948,9735578,81400,66805,40112
20957449,WarSimi,81058838,2.44E+09,79772266,82191687,18936720,80977294,2499883742,82435785,82812817,19301840,59883742,2660000,621130,365120
50946531,stompy,80999321,3.27E+09,1.10E+08,1.04E+08,16459620,79898845,3509158632,119100829,109616831,16900229,239158632,9100000,5616831,440609
9066552,Castario,79368865,3.61E+09,1.20E+07,1.20E+08,23198090,79526915,3613743186,119837520,120655021,23314625,3743186,1080000,655021,116535
6327022,StJamrockSt,81058664,1.75E+09,64325737,45489715,13757502,78135624,1965056771,73326052,49339516,14523846,215056771,9000000,3849801,766344
14175833,Staxonstacks,74470441,885833388,27090431,33938141,20912974,78027115,894223391,27365994,34222810,21095613,8390003,276000,284669,182639
9383865,xDiazovix,86960078,3.23E+09,93198130,1.35E+08,19976564,77950359,3480394251,102408687,141650788,21063345,250394251,9210000,6650788,1086781
19437786,,78112691,2.27E+09,82151835,61979087,14467323,76776615,2392540765,87447384,63738829,14943673,122540765,5300000,1759742,476350
3567450,drakirlwar,87172259,1.61E+09,40657951,78890083,13842326,77468544,1674109147,43076033,80215701,15000535,64109147,2420000,1325618,1158209
28110550,WILKINS,80946300,1.50E+09,50239031,48491161,14635515,77337714,1600147627,54602136,50076328,15649646,100147627,4360000,1585167,1014131
35238338,KnightsGamer,75859790,219617645,7374665,7177405,4287965,77189436,233150835,7930043,7419798,4456640,13533190,555000,242393,168675
20413930,Turbo,78860963,1.30E+09,37479671,53550757,13716119,76949913,1423473686,42419226,56034608,14355209,123473686,4940000,2483851,639090
14169834,nubKris S}0]£!,78420446,3.65E+09,1.22E+08,1.19E+08,20946481,76822625,3725910164,124965212,120363779,21437973,75910164,2970000,1363779,491492
434262,Anthony76,76444911,1.09E+09,35621017,36946214,10931382,76592623,1162622113,39072368,37806581,11307555,72622113,3450000,860367,376173
42272356,Monkey Whale,95427572,2.00E+09,45358050,1.06E+08,9519748,76266609,2390609704,57543578,121269993,12339540,390609704,12200000,15269993,2819792
10978057,SER3van32t,74751563,1.52E+09,60037909,31783712,14238090,76087561,1581033904,62654814,32498099,14374507,61033904,2620000,714387,136417
56508340,$2 BRIANA 32,83834827,2.94E+09,87412791,1.13E+08,18740700,76033989,3507545522,106734641,130935494,19766960,567545522,19300000,17935494,1026260
20714976,SuicideZal3ra,80701003,866224207,30260489,25993983,10668539,75598053,930792336,32530203,27904742,11517954,64568129,2270000,1910759,849415
705324,EP Envy,78553200,1.82E+09,67412149,46820675,16452353,75587596,1874357736,69497390,47825628,17086865,54357736,2090000,1004953,634512
28274829,2# GOLLY aun,74469897,1.34E+09,22672539,86468125,8694298,75486861,1436067852,25128544,91272854,9059864,96067852,2460000,4804729,365566
56459657,Arsenal999,78170166,2.02E+09,71332462,58686112,12485988,75482116,2149602410,75114081,64085791,13470848,129602410,3780000,5399679,984860
3463423,Emigreentis,75145543,3.35E+09,1.18E+08,99363286,15331378,75320317,3425382803,120554861,101043071,15398697,75382803,2550000,1679785,67319
9107928,IFudgel,75998816,2.36E+09,72983038,88335035,13731851,75058732,2645096078,84311165,94572410,14522099,285096078,11300000,6237375,790248
22945051,Lexa Heda,73200303,851026848,22930916,37891270,9925363,74807881,853624468,22930916,38151032,9925363,2597620,0,259762,0
9156365,RH Rici,81299848,6.11E+09,1.75E+08,2.57E+08,21445926,74576482,6310498809,183206002,260340889,22674727,200498809,8210000,3340889,1228801
7727288,TreizNrV,80000158,1.74E+09,56223540,60998657,13275849,74520712,1818311000,59059363,62736943,14605081,78311000,2840000,1738286,1329232
3298896,VeGeTo,83419086,3.48E+09,1.08E+08,1.29E+08,24334641,74171397,3643967063,113836495,133833520,25518398,163967063,5840000,4833520,1183757
28303594,THE RICO,73021881,431221464,10354558,21417021,9231895,73130199,449841710,11126701,21734749,9380061,18620246,772000,317728,148166
7228066,ck0403my,77791210,1.56E+09,41013416,72897395,21917052,72956448,1610798261,42942690,74517444,22791920,50798261,1930000,1620049,874868
14215825,Psaki AleX,80616115,2.16E+09,73439735,68718328,21357936,72817966,2384979244,82467542,73036949,22550925,224979244,9030000,4318621,1192989
15987592,4 Hexagon L,71142390,792719173,29801050,19439909,13078403,72732562,816824923,30809319,19833946,13512400,24105750,1010000,394037,433997
17565504,Cozzz,73414765,1.51E+09,48802212,52559459,15118164,72681885,1625298394,53501043,54269448,15771766,115298394,4700000,1709989,653602
22375708,Nathalie95,75924685,1.13E+09,36115747,39645905,15307762,72643941,1163311461,37340661,40244883,15946574,33311461,1220000,598978,638812
16385321,MA} MAK,71026715,316665786,11418782,8812639,13773946,72425073,327161788,11834641,9030490,14124036,10496002,416000,217851,350090
9428066,Lionel Messi,74927651,2.43E+09,65308333,1.11E+08,20817204,72355869,2506225886,68852000,111660426,20974647,76225886,3540000,660426,157443
3317232,leboomer,75936121,2.00E+09,58121216,81747470,24412498,72009277,2020505300,59020126,82270595,24793159,20505300,899000,523125,380661
9855970,Rabid Dog,74121565,1.40E+09,49195882,41200916,13746276,71319949,1444824312,51053102,42220942,14468524,44824312,1860000,1020026,722248
20895987,StLecheSt,71743802,3.70E+09,1.26E+08,1.17E+08,20144137,71105946,3785139372,129511234,118215428,20947614,85139372,3510000,1215428,803477
14109586,Heresy III,73418944,308906375,11326363,8100935,13961581,70508604,332042295,12249551,8568147,14505405,23135920,923000,467212,543824
13863867,Nezhaforever,76076349,1.58E+09,53431916,49801333,14219672,70361206,1673590336,57258568,51181797,15801775,93590336,3830000,1380464,1582103
2451401,Speccy4eyes,71372646,1.28E+09,36261402,54847397,17569717,70224666,1299329520,36887264,55129814,17831178,19329520,626000,282417,261461
28270506,CarrierJohn,73315040,533644322,18602709,15964367,6695807,70749894,576439249,20314319,16817610,7221668,42794927,1710000,853243,525861
9471719,Lastwar,73913714,1.73E+09,62274872,47089704,19364541,70019448,1832480222,66649109,48891652,20703341,102480222,4370000,1801948,1338800
9828945,ivysaurus,72225320,2.91E+09,1.03E+08,85549582,18611162,69901402,3030700538,107762381,87130833,19449156,120700538,4760000,1581251,837994
9067996,Nub Sui,80140642,3.84E+09,1.36E+08,1.12E+08,22274698,69740570,3976637727,141251919,114709297,23965134,136637727,5250000,2709297,1690436
11980323,TomHDL,73525613,1.23E+09,47967928,26139343,9943674,69652126,1365289602,53860880,28304236,11140705,135289602,5890000,2164893,1197031
28325228,Budluck'R,69246947,1.21E+09,43388306,33990849,10369396,69555093,1209590798,43388306,33990849,10369396,409202,0,0,0
34798475,CarrierJ,69266390,94144787,2785555,3757604,2524599,69444184,107722077,3271091,4142706,2775472,13577290,486000,385102,250873
17533687,MadAttendant,68810633,836017882,24567388,33021979,10852519,69385265,851724762,25188781,33349881,10906145,15706880,621000,327902,53626
17405603,HunterKill3r,71646226,1.69E+09,46953132,73706362,18175988,68647454,1709900705,47780644,74338330,18363692,19900705,828000,631968,187704
37271872,OHSleipnir,70066683,335690130,11367777,10343517,7083978,69132825,382227613,13246062,11233204,7465326,46537483,1880000,889687,381348
3964251,Highlander79,71029193,840132961,28986817,25855546,10176855,68488547,917134730,32283251,26961390,10975990,77001769,3300000,1105844,799135
37024046,Its Qwert,75707626,2.93E+09,93844848,97473223,19977715,68433142,3144533479,102705919,101309386,21661409,214533479,8860000,3836163,1683694
46572157,RonnyEbw,69923035,291060090,9373426,10138924,8936152,68407461,309310073,10045145,10619360,9278572,18249983,672000,480436,342420
72081749,OHPaSaMa,72250841,93913225,3119661,2660638,1460089,67855419,131372659,4425372,3763426,2403327,37459434,1310000,1102788,943238
3480912,xzec,69371736,2.07E+09,67395773,71662419,19398596,67700788,2347595847,78771916,76257815,20248765,277595847,11400000,4595396,850169
9076498,SQMistress3t,74200514,1.22E+09,43622246,33810823,15946071,67514266,1273999127,45880004,35152800,16914687,53999127,2260000,1341977,968616
9391109,ZH Egle,64592227,356183208,8758687,15985950,5394808,67433767,356516493,8769864,15996892,5394808,333285,11200,10942,0
29097632,DuracelL,66433787,108454833,3837167,2634721,6358232,67389533,108655893,3839386,2650389,6358232,201060,2220,15668,0
9406091,Luis Suarez,67085360,329633141,9366733,13620564,9446118,67128575,329633141,9366733,13620564,9446118,0,0,0,0
11113359,SZZOROSZ,65829541,3.92E+09,1.19E+08,1.51E+08,17263446,67073622,4016353156,122411250,154062139,17743086,96353156,3410000,3062139,479640
94442537,xajMosaX,66026032,245726743,7446261,9178673,3546426,66988358,245726743,7446261,9178673,3546426,0,0,0,0
28228449,Persinga ngaw,71376239,878817707,32027615,23740594,12257444,66703981,980669592,35981361,26002650,13293074,101851885,3950000,2262056,1035630
28208448,EnergiZer,66319158,383974576,4701139,24872178,8649626,66522438,390180050,4908425,25077092,8764970,6205474,207000,204914,115344
15168507,Highlander79 |,64704897,98100278,3545200,2619466,2803720,66485713,108963652,4001363,2789852,3091636,10863374,456000,170386,287916
29734240,2H Chnew89,68288779,219556028,7784868,6221520,8552719,66434419,229900289,8169887,6485589,8865733,10344261,385000,264069,313014
34692668,Rik Noname,69734888,852517306,30033761,24877810,14533163,65608972,921399979,32813543,26199225,15684390,68882673,2780000,1321415,1151227
33502549,ShetlonAbove',65282680,147404458,5189126,4323848,8223449,65895460,149373716,5267769,4363403,8268600,1969258,78600,39555,45151
2411461,Made in LLT,66618667,670146210,18279859,29647850,9147523,65416275,693462407,19237190,30064516,9706297,23316197,957000,416666,558774
20700297,SWhiskey3t,75696071,4.11E+09,1.32E+08,1.44E+08,35756429,65328973,4283489546,138770805,147701729,37771399,173489546,6770000,3701729,2014970
34122980,Jagya bhil,66230307,1.32E+09,42037729,45333777,15444752,65186599,1382908508,44803202,46555691,15781945,62908508,2770000,1221914,337193
19241701,POOCH Maniw,62487821,153261664,4362032,6273998,1957036,64972285,157426654,4536155,6342251,1957036,4164990,174000,68253,0
84152882,Woody D Duck,65344250,1.22E+09,35250805,49442329,9553103,64685326,1386060407,41813033,53324294,9855084,166060407,6560000,3881965,301981
64909981,X Black Flag X,66607103,308516761,10514342,9465342,6732881,64038894,356406768,12494162,10294187,7568397,47890007,1980000,828845,835516
3463556,Thunderstick,64696532,476170902,14712531,17261809,13358749,63986836,493218927,15427691,17536153,13551758,17048025,715000,274344,193009
39414083,999Snoop,65222941,300784571,10655277,8545411,4365832,63953791,315455468,11271792,8778844,4715307,14670897,617000,233433,349475
30889521,RhECrypto,62993499,271789707,7629518,11847162,7050752,63922567,271789707,7629518,11847162,7050752,0,0,0,0
18208784,JU Stax,67674148,2.50E+09,67905753,1.12E+08,17527850,63680504,2554860838,69270959,114580424,18245870,54860838,1370000,2580424,718020
83358707,imad 2,63855324,53754051,1499749,2336974,2742385,63583160,57645704,1648448,2428724,3007212,3891653,149000,91750,264827
76525179,AAGH,65461930,329650016,11237921,10086941,7035847,63420871,346230442,11823056,10569787,7567683,16580426,585000,482846,531836
56842186,S Tyrande 8,63236994,1.06E+09,38050041,27827310,8517352,63135141,1166506942,42897065,28968238,8849983,106506942,4850000,1140928,332631
13719316,TECHSIN,61959853,1.60E+09,47211512,64841780,14503045,63122189,1598003190,47211512,64841780,14503045,1996810,0,0,0
14915327,Secret Squirre,61672823,315137382,10349416,10476824,6218962,62972868,322216961,10583136,10716122,6252886,7079579,234000,239298,33924
23663084,hee0farm,61043678,73533760,1853157,3529638,3557174,62967084,76946750,1997567,3582117,3557174,3412990,144000,52479,0
27234433,DanielSebb,68402583,509002025,14198680,22155244,7434748,62716165,569417277,16578589,23434571,8463583,60415252,2380000,1279327,1028835
14202127,Edvus,57907983,372017791,9839659,17318768,8665622,62616536,372017791,9839659,17318768,8665622,0,0,0,0
31578656,DAVID,65595119,250321971,7649996,7778165,12994175,62561303,280081510,8820633,8399131,13538328,29759539,1170000,620966,544153
38693871,FaFouTis,67516112,373361551,10923693,15306557,11558495,62553792,406685443,12241598,16002957,12686372,33323892,1320000,696400,1127877
28214592,SAADIraqi lion,71202913,194324852,5050117,9155182,15539739,62383293,198596522,5253814,9174955,16087982,4271670,204000,19773,548243
19744769,St Lady D 82,66359105,530123115,17888617,17037361,13237095,62314179,554158570,18831227,17549665,13855387,24035455,943000,512304,618292
77174079,OHVickydiel,61852870,114135220,3387842,3559117,7678952,62281925,135692264,4282071,3925453,8066431,21557044,894000,366336,387479
17396209,Rilleks,70767017,938790027,29768287,33664909,8255597,62126997,1000189236,32354902,34631396,9270483,61399209,2590000,966487,1014886
17642161,StAlfaKoral3z,62116846,245417594,8219303,8075261,6761793,62117176,245417594,8219303,8075261,6761793,0,0,0,0
28270146,Leann6661,66647815,401033031,10990417,17382250,9631433,61940545,438207620,12230768,18597585,10544054,37174589,1240000,1215335,912621
50899585,CALLMESTAX “,62115856,416131793,13457772,13920713,9014437,61936020,500167603,16768100,15677411,9894355,84035810,3310000,1756698,879918
14125876,Bad Iskan,59144976,677965530,24175351,19393690,19669685,61867176,677965530,24175351,19393690,19669685,0,0,0,0
28379153,Dana iw,54490106,442352357,13980909,14382110,11366976,61381300,442691597,13997871,14382110,11366976,339240,17000,0,0
9450025,ZoO fi€ Anarchy,64320840,598650341,22781561,14213843,9067620,61375104,629438576,24020487,14814805,9572170,30788235,1240000,600962,504550
3461098,ti Johnbernie,58801393,33760344,747010,1847180,1714453,60656242,34672184,785344,1861696,1733479,911840,38300,14516,19026
7385964,SZ RomioS,63304993,310005276,9527821,11920895,8452916,60578387,334626084,10664452,12109638,9259540,24620808,1140000,188743,806624
17824938,Devil U made,59300539,73401661,2017483,2947526,4995198,59800459,73401661,2017483,2947526,4995198,0,0,0,0
61716103,Donar1887,60083440,99081206,2777228,4073945,7051975,59664146,104229995,3020251,4102750,7269783,5148789,243000,28805,217808
11323855,Nine ©,60053054,990749226,35424617,27426153,14725455,59563888,1005908290,35956184,27857898,15286398,15159064,532000,431745,560943
28287230,MoDy77,59376991,119289692,4251645,3402213,1862538,59367417,119289692,4251645,3402213,1862538,0,0,0,0
60277847,Bad Lagou37,59047223,613909862,18936577,22987434,8229499,59240814,613909862,18936577,22987434,8229499,0,0,0,0
35790056,AsIZE,57899703,60662448,2270943,1380791,6481414,58895804,60662448,2270943,1380791,6481414,0,0,0,0
9167319,Phak Yu Putin,58794576,112409084,3810135,3581403,7514982,58785885,112409084,3810135,3581403,7514982,0,0,0,0
14275450,Poppops 4674,58632724,1349841,37952,58485,415005,58632774,1349841,37952,58485,415005,0,0,0,0
8064984,minidrake,55637845,362756187,7528105,20472108,10949677,58252182,362757146,7528105,20472108,10949677,959,0,0,0
60965001,IJ uulHEMIlJ,55353922,436294968,10707617,19222145,6415262,58211859,436294968,10707617,19222145,6415262,0,0,0,0
28419870,Heisenberg 89,57698607,40649366,985743,1661612,8581580,58124307,40649366,985743,1661612,8581580,0,0,0,0
13880048,Pugsley97,57520517,12143231,214012,786298,4708826,58076977,12143231,214012,786298,4708826,0,0,0,0
28300028,ABU NASSER,55613627,173626919,2801406,10336804,2385631,57706191,201972716,3610811,11552080,2648575,28345797,809000,1215276,262944
2353964,derpstone,56443826,74129904,2066161,3096306,10467068,57209926,87726135,2066161,4091547,10564361,13596231,0,995241,97293
28282912,Lans66,55842729,20680912,582132,766056,11857231,57169603,20680912,582132,766056,11857231,0,0,0,0
4016167,Ldcarpathes,56993505,199251408,5570685,7971107,4509390,57005165,199251408,5570685,7971107,4509390,0,0,0,0
39381278,999Wolf,56034444,12218547,254084,578365,660773,56798444,12218547,254084,578365,660773,0,0,0,0
9392884,educet,55482960,90857218,2686785,3560052,13386523,56546952,90857218,2686785,3560052,13386523,0,0,0,0
28343184,Najmil1,55652370,43307,0,1838,4945,56473681,43307,0,1838,4945,0,0,0,0
36747489,Ephantis,58947862,474205127,18882748,9515495,5113729,56079474,580813514,23422816,11095453,5521344,106608387,4540000,1579958,407615
42514893,WrEcK HaVoK,55487196,115712534,3535685,4354698,2465550,55986684,115712534,3535685,4354698,2465550,0,0,0,0
12451821,Onsenffou,53920806,540046313,19363180,14934178,17618072,55886572,540089008,19363180,14935281,17618072,42695,0,1103,0
99396699,OHMadMax64,53959951,6958976,40395,511519,6980,55879663,8274996,87326,549259,47641,1316020,46900,37740,40661
52086629,Rolpsy,57313955,321247288,10627177,10318608,7887764,55811536,348229748,11758578,10754052,8041879,26982460,1130000,435444,154115
56780541,“EinherjarS,62747213,156912932,5892361,3881640,7877444,55731297,180081524,6877371,4228450,9885789,23168592,985000,346810,2008345
89220552,ir ‘yMaster Po,59678594,761421836,19189830,36803370,7302490,55729597,804133512,21002665,37433198,7760882,42711676,1810000,629828,458392
82810160,Filoucheqc,53438756,113229150,3526848,3791983,3362039,55313548,117922910,3720548,3873959,3402280,4693760,194000,81976,40241
1742231,TarantinoBZH,80522976,2.60E+09,93912173,71381700,21843177,55151741,2637965427,95475179,72042831,23484875,37965427,1560000,661131,1641698
21017676,badGazzaG,54259041,832173533,27499679,27411424,15461869,55063471,832173533,27499679,27411424,15461869,0,0,0,0
15168136,SZ LUFFY SZ,53597176,70727084,2085943,2858953,9490459,55043176,70727084,2085943,2858953,9490459,0,0,0,0
2616715,ARNO le NORD,54412247,1.49E+09,47454020,53705053,19575504,55036349,1489477536,47454020,53705053,19575504,522464,0,0,0
53452615,El Paquito,55265677,220695523,7010036,7948524,9068067,54919313,248812421,7978368,8780652,9581312,28116898,968000,832128,513245
2486726,@G Senpai,53984756,149014013,3432874,7750749,8056233,53975337,149014013,3432874,7750749,8056233,0,0,0,0
7722826,LordNameless,53835339,269656907,8548698,9789724,5900435,53891239,269656907,8548698,9789724,5900435,0,0,0,0
28481843,budluckTR2,53582719,129202373,3803344,4902544,6513124,53816737,129202373,3803344,4902544,6513124,0,0,0,0
52610162,PrincipalAnd,53541016,29153995,1218673,448627,3991946,53536630,29153995,1218673,448627,3991946,0,0,0,0
20981772,BadAtiLa 1,53462193,545996186,18438062,17422675,15432995,53462193,545996186,18438062,17422675,15432995,0,0,0,0
26583819,Budluck0Oo'R,53184501,89795027,2917558,2940015,5919022,53394867,89795027,2917558,2940015,5919022,0,0,0,0
28259686,Master Binbin,53385017,19286427,293854,1292957,313583,53385017,19286427,293854,1292957,313583,0,0,0,0
28209988,Jaeger 69,51873344,159780216,1316626,12475929,7407961,52814644,159780216,1316626,12475929,7407961,0,0,0,0
29881568,Milanok,53769527,83407571,3094021,2070853,11787085,52289237,86209461,3172015,2195054,11871792,2801890,78000,124201,84707
31369906,Wan Shein,53392660,30202001,1389288,179391,1506238,52163960,30659344,1404998,187263,2369490,457343,15700,7872,863252
29944980,ROLLING STO?,50430392,34303675,1632679,85485,2878454,52133756,34303675,1632679,85485,2878454,0,0,0,0
29093542,ConfusedWolfi,51671692,371658748,4355215,25586825,5887944,51984750,371658748,4355215,25586825,5887944,0,0,0,0
37026347,Nurse Q,53517640,365416723,12545959,11012617,9855728,51918304,383185654,13212238,11456952,10569110,17768931,666000,444335,713382
30552095,FiihrerBiscott,51316732,1.40E+09,30216034,78243653,10738675,51781772,1403940463,30216034,78243653,10738675,3940463,0,0,0
3738869,BiggusDickus8,49362993,6357358,130031,333214,142452,51446623,6357358,130031,333214,142452,0,0,0,0
41959939,Fisch24,50230919,277331,469,24527,203816,51058311,277331,469,24527,203816,0,0,0,0
7870915,ii Bretw,49965466,80733453,2384437,3118116,3134517,50562866,80733453,2384437,3118116,3134517,0,0,0,0
6167238,Diz5,51336613,45479031,1303928,1808852,4297195,50482525,54906986,1690224,1979024,4783065,9427955,386000,170172,485870
9505548,Ovidan,50575864,52160593,1799284,1612289,3827506,50279988,59603478,2074830,1805477,4151839,7442885,276000,193188,324333
6167868,Rabid dog,49688434,32626736,1160709,932327,2371225,50187086,32627930,1160709,932327,2371225,1194,0,0,0
15995569,ii Bert19,48829418,77745064,2146154,3107190,2657630,49605418,77745064,2146154,3107190,2657630,0,0,0,0
30296384,DragonFire73,48082779,159421207,4276763,7009756,10171397,49221963,162390867,4389903,7080442,10171397,2969660,113000,70686,0
10135175,Rabid 2,49359485,26885768,950630,787132,2193586,48686329,36452168,1331523,981986,2479819,9566400,381000,194854,286233
51823914,crsEST9876,48799872,237077740,5876913,11579553,6894035,48611463,271714017,7279546,12230346,7259485,34636277,1400000,650793,365450
82410647,PsakiPsaki,47612672,37092663,1285764,1128796,1889841,48418747,37092663,1285764,1128796,1889841,0,0,0,0
13783623,Markynaz,48208951,119296204,3997223,3671155,6364745,48201918,119296204,3997223,3671155,6364745,0,0,0,0
85093514,Psaki Xxxx,46933155,24864502,958245,567909,1454397,48151194,24882912,958245,569750,1454397,18410,0,1841,0
85093514,Psaki Xxxx,46933155,24864502,958245,567909,1454397,48151194,24882912,958245,569750,1454397,18410,0,1841,0
28275966,0 MajdO,45533222,65044979,1340360,3275080,4611384,47971131,65287481,1348671,3282666,4611384,242502,8310,7586,0
13576477,Hestia0209,46374496,11453475,200175,708294,7580923,47864099,11453475,200175,708294,7580923,0,0,0,0
13339256,hera0209,46654727,14787407,207258,1061454,7577421,47862126,14787407,207258,1061454,7577421,0,0,0,0
52832323,Black Sail 32,47272157,49844393,1521189,1883159,4660442,47791920,49846373,1521189,1883357,4660442,1980,0,198,0
30437585,TKLNG,46751898,86342587,2035514,3635652,5955583,47193584,95729682,2388074,3869209,6124265,9387095,353000,233557,168682
28336253,Amier195,44592217,14248858,470816,386654,6391847,46182272,14248858,470816,386654,6391847,0,0,0,0
28292459,PAUL27,45536705,2272338,225,79603,1034995,46061702,2272338,225,79603,1034995,0,0,0,0
21066929,tigger jr,45336780,8376669,313003,195967,3208076,45912593,8376669,313003,195967,3208076,0,0,0,0
31262259,Jr Persinga,47337247,106980876,3551526,3546055,4974671,45912437,118893186,3941882,3946576,5592990,11912310,390000,400521,618319
29360204,ck0403my02,43970116,120353501,4303867,3408475,10476014,45256656,123014318,4397252,3487732,10561352,2660817,93400,79257,85338
54311330,YwajdsYy,43421802,28274005,956266,879285,7653971,44974364,28274005,956266,879285,7653971,0,0,0,0
27966586,Patrosklaus,42585554,7157738,122396,452304,213092,44440004,7157738,122396,452304,213092,0,0,0,0
76786622,Arsenal7777,43672466,12538829,148172,352245,44921,44282464,12538829,148172,352245,44921,0,0,0,0
37237092,Irrumatio,43730516,873574,685,36194,220531,43764389,873574,685,36194,220531,0,0,0,0
64363945,Dragonfly73,42902758,41720001,844763,2238943,5741041,43719242,41736001,844763,2240453,5741041,16000,0,1510,0
98672609,Psaki alex 5,42640411,3370120,163636,9740,1466875,43712088,3370130,163636,9741,1466875,10,0,1,0
29881564,SAADSAAD2,46392188,73384296,2522126,2248389,11065512,43670002,75981166,2603809,2344710,11482294,2596870,81700,96321,416782
2524989,Huracan88&,53556543,86052678,2904648,2618074,15251380,43616616,97910086,3473531,2664726,18360312,11857408,569000,46652,3108932
28215982,gua lJwuE,42855775,11000493,241864,408922,4526678,43177805,11000493,241864,408922,4526678,0,0,0,0
86542958,X Barbe Noire},42814046,35096653,795401,1478266,964596,43155253,35096853,795401,1478266,964596,200,0,0,0
33629885,budluckTR1,42999584,22167482,556974,1040653,3443907,43103357,22167482,556974,1040653,3443907,0,0,0,0
27085784,LAW x,40748910,15319649,420678,681024,1097173,43050150,15319649,420678,681024,1097173,0,0,0,0
28254437,Boorinyeung,42511737,405476,458,530,645214,42891075,405476,458,530,645214,0,0,0,0
34987546,Wicked55,47104674,49866221,1647400,1584083,8070688,42213489,53219056,1753851,1689876,8870897,3352835,106000,105793,800209
23549084,Yoba Bat,41822387,20828376,176167,1684538,1848262,42180862,20828376,176167,1684538,1848262,0,0,0,0
19078891,ZeePharm,41649970,54045370,1830040,1744374,525686,42034642,54045370,1830040,1744374,525686,0,0,0,0
36552064,Sweet Trauma,41462502,175221986,4444953,8334660,4225843,41524646,175236611,4444953,8334660,4225843,14625,0,0,0
29250801,Taanni,41989414,31600743,1305278,520421,400548,41464378,32355943,1343038,520421,400548,755200,37800,0,0
20686834,Skiwhirl,40488695,15084213,476901,483987,483987,40494900,15084213,476901,483987,40494900,0,0,0,0
28338445,DHOOM6666,39636534,9938606,268434,443368,5111456,40317803,9938606,268434,443368,5111456,0,0,0,0
63506619,persinga farm,39797591,29782784,646467,1605556,2760269,40290054,29782784,646467,1605556,2760269,0,0,0,0
40522634,General 8,39873279,32585876,1047995,905608,8218807,40243324,32585876,1047995,905608,8218807,0,0,0,0
32087827,Farmlandeee,41238954,371796859,5250458,24379603,39,40190181,384696931,5639749,24883613,6277133,12900072,389000,504010,6277094
43985217,SZSANJISZ,38573641,98281028,3278507,3210176,5389471,40106721,98281028,3278507,3210176,5389471,0,0,0,0
94844727,Vickylein die 2,38421267,5967589,20834,433395,58399,39516340,6075589,20834,444195,58399,108000,0,10800,0
20488380,IskanFood,39084885,34985666,1169589,1151100,10185673,39473083,34985666,1169589,1151100,10185673,0,0,0,0
44877242,SZUSOPPZ,37404851,119405416,3929495,4005128,7349022,39392251,119410218,3929495,4005128,7349022,4802,0,0,0
99483710,Kiistenmadel,51183031,13244705,5620,1228969,266277,38800941,27557264,669740,1329742,4164644,14312559,664000,100773,3898367
8645545,rssdrakou,36802506,63244123,1443101,3428920,9581508,38766892,63244123,1443101,3428920,9581508,0,0,0,0
57826883,burnoose,38390784,16015617,560837,462550,6006577,38488334,16015617,560837,462550,6006577,0,0,0,0
28511475,Venomous Poi,37746193,13338342,189788,788242,458179,37997889,13338342,189788,788242,458179,0,0,0,0
46952552,Sleipnir80,37444585,30059931,555475,1644181,1697741,37966285,30059931,555475,1644181,1697741,0,0,0,0
51167515,tigger III,37016869,48395,0,4035,10969,37567590,48395,0,4035,10969,0,0,0,0
5325135,G40Freak,36061067,122170,766,10685,147589,37414916,122170,766,10685,147589,0,0,0,0
33633625,budluckTR3,36838550,12483090,253900,712593,2398519,36902030,12483090,253900,712593,2398519,0,0,0,0
3365255,GodOfKhaos,36029276,928560,42362,8132,2695823,36849823,928560,42362,8132,2695823,0,0,0,0
3365255,GodOfKhaos,36029276,928560,42362,8132,2695823,36849823,928560,42362,8132,2695823,0,0,0,0
44413633,uk player,36072810,30773059,1146881,709790,4122833,36779306,30773059,1146881,709790,4122833,0,0,0,0
20655464,$2 LadY D 32,36270318,120282743,3385632,5070677,7646671,36565506,123111845,3497555,5129717,7756737,2829102,112000,59040,110066
99843221,Battle Action 1,34126819,24391026,77134,1625544,2175951,36426552,28214166,219975,1707572,2427998,3823140,143000,82028,252047
94199334,snS5unwny,37315009,27889241,807656,838023,4706972,36425394,32454318,941003,1023748,5001736,4565077,133000,185725,294764
27882072,Vikinv,36267437,3299507,140572,44818,2594870,36372264,3299507,140572,44818,2594870,0,0,0,0
49209857,Hooligan No1,35426319,25047410,958080,455382,3586435,36285660,25047410,958080,455382,3586435,0,0,0,0
66734451,CK Farm 01,34560493,17110634,504524,517307,4159863,36132793,17122827,504524,518507,4159863,12193,0,1200,0
28488507,RICOsFarm,34416681,45007330,368791,3721966,1511646,35980533,45114670,373401,3723480,1511646,107340,4610,1514,0
49749829,tigger IV,35772501,162033,2530,10271,25875,35964551,162033,2530,10271,25875,0,0,0,0
64234183,ThePablo,34620263,14075893,107106,934998,4716238,34927541,14075893,107106,934998,4716238,0,0,0,0
22125284,Cirice,34761528,17011399,221479,1116288,3309303,34781660,17011399,221479,1116288,3309303,0,0,0,0
33737639,budluckTR4,34575750,9617579,67881,478866,1430277,34660099,9617579,67881,478866,1430277,0,0,0,0
28243739,Othman92Boo,34302840,1345428,26880,69698,238399,34590293,1345429,26880,69698,238399,1,0,0,0
28243739,Othman92Boo,34302840,1345428,26880,69698,238399,34590293,1345429,26880,69698,238399,1,0,0,0
29341476,TomHDL Ill @,34336569,1181534,0,115836,646682,34453319,1222814,0,119964,646682,41280,0,4128,0
64930476,URUK HARD,33967849,10437451,406985,209571,5676073,34276662,10437451,406985,209571,5676073,0,0,0,0
64930476,URUK HARD,33967849,10437451,406985,209571,5676073,34276662,10437451,406985,209571,5676073,0,0,0,0
28507348,XXXX5,34041599,221709,0,7487,34786,34041599,221709,0,7487,34786,0,0,0,0
58626254,Tsetseu,33861312,46793250,961421,2475031,2216667,33861312,46793250,961421,2475031,2216667,0,0,0,0
42781849,ephantisse,33004598,12223960,514270,193372,1470644,33820426,12223960,514270,193372,1470644,0,0,0,0
35151927,Grindefarmer,32458252,8477355,195547,421713,3107023,33679992,10381625,270950,461334,3134172,1904270,75400,39621,27149
31603605,Cupcaké,33091455,32657872,1034251,1171682,1801966,33090066,32657872,1034251,1171682,1801966,0,0,0,0
74438870,Clyde Il,32400943,48527,121,1764,1555,32743806,48527,121,1764,1555,0,0,0,0
